title,description,price,region,comuna,address,bedrooms,bathrooms,sqm
Luminoso Penthouse en Maipú cerca de metro,"Excelente oportunidad de inversión o vivienda. Luminoso Penthouse en Maipú cerca de metro. Cuenta con 3 dormitorios y 4 baños, distribuidos en 195 m2. Ubicación privilegiada en la comuna de Maipú, región Metropolitana. Contáctanos para agendar una visita.",366660000,Metropolitana,Maipú,Av. Providencia 5023,3,4,195
Nuevo Loft en San Miguel con excelentes terminaciones,"Excelente oportunidad de inversión o vivienda. Nuevo Loft en San Miguel con excelentes terminaciones. Cuenta con 2 dormitorios y 1 baños, distribuidos en 100 m2. Ubicación privilegiada en la comuna de San Miguel, región Metropolitana. Contáctanos para agendar una visita.",100650000,Metropolitana,San Miguel,Av. del Mar 7390,2,1,100
Exclusivo Casa en Santiago Centro con piscina y quincho,"Excelente oportunidad de inversión o vivienda. Exclusivo Casa en Santiago Centro con piscina y quincho. Cuenta con 4 dormitorios y 4 baños, distribuidos en 96 m2. Ubicación privilegiada en la comuna de Santiago Centro, región Metropolitana. Contáctanos para agendar una visita.",411330000,Metropolitana,Santiago Centro,Av. Providencia 1349,4,4,96
Remodelado Loft en Concón con piscina y quincho,"Excelente oportunidad de inversión o vivienda. Remodelado Loft en Concón con piscina y quincho. Cuenta con 3 dormitorios y 1 baños, distribuidos en 35 m2. Ubicación privilegiada en la comuna de Concón, región Regiones. Contáctanos para agendar una visita.",162690000,Regiones,Concón,Av. Libertad 7328,3,1,35
Moderno Casa en Ñuñoa con piscina y quincho,"Excelente oportunidad de inversión o vivienda. Moderno Casa en Ñuñoa con piscina y quincho. Cuenta con 4 dormitorios y 4 baños, distribuidos en 166 m2. Ubicación privilegiada en la comuna de Ñuñoa, región Metropolitana. Contáctanos para agendar una visita.",128550000,Metropolitana,Ñuñoa,San Martín 1396,4,4,166
Exclusivo Parcela en Maipú con vista despejada,"Excelente oportunidad de inversión o vivienda. Exclusivo Parcela en Maipú con vista despejada. Cuenta con 5 dormitorios y 4 baños, distribuidos en 230 m2. Ubicación privilegiada en la comuna de Maipú, región Metropolitana. Contáctanos para agendar una visita.",145950000,Metropolitana,Maipú,Av. Apoquindo 9039,5,4,230
Moderno Departamento en Coquimbo con excelentes terminaciones,"Excelente oportunidad de inversión o vivienda. Moderno Departamento en Coquimbo con excelentes terminaciones. Cuenta con 1 dormitorios y 2 baños, distribuidos en 84 m2. Ubicación privilegiada en la comuna de Coquimbo, región Regiones. Contáctanos para agendar una visita.",142050000,Regiones,Coquimbo,Av. Libertad 5626,1,2,84
Remodelado Casa en La Florida con áreas verdes,"Excelente oportunidad de inversión o vivienda. Remodelado Casa en La Florida con áreas verdes. Cuenta con 4 dormitorios y 3 baños, distribuidos en 193 m2. Ubicación privilegiada en la comuna de La Florida, región Metropolitana. Contáctanos para agendar una visita.",409650000,Metropolitana,La Florida,Av. Providencia 7221,4,3,193
Remodelado Penthouse en San Pedro de la Paz con áreas verdes,"Excelente oportunidad de inversión o vivienda. Remodelado Penthouse en San Pedro de la Paz con áreas verdes. Cuenta con 4 dormitorios y 3 baños, distribuidos en 289 m2. Ubicación privilegiada en la comuna de San Pedro de la Paz, región Regiones. Contáctanos para agendar una visita.",511170000,Regiones,San Pedro de la Paz,Av. del Mar 2448,4,3,289
Moderno Departamento en Vitacura con gran terraza,"Excelente oportunidad de inversión o vivienda. Moderno Departamento en Vitacura con gran terraza. Cuenta con 2 dormitorios y 1 baños, distribuidos en 110 m2. Ubicación privilegiada en la comuna de Vitacura, región Metropolitana. Contáctanos para agendar una visita.",157890000,Metropolitana,Vitacura,Av. Apoquindo 4822,2,1,110
Nuevo Casa en Ñuñoa con piscina y quincho,"Excelente oportunidad de inversión o vivienda. Nuevo Casa en Ñuñoa con piscina y quincho. Cuenta con 2 dormitorios y 2 baños, distribuidos en 209 m2. Ubicación privilegiada en la comuna de Ñuñoa, región Metropolitana. Contáctanos para agendar una visita.",338880000,Metropolitana,Ñuñoa,San Martín 5620,2,2,209
Hermoso Departamento en Temuco cerca de metro,"Excelente oportunidad de inversión o vivienda. Hermoso Departamento en Temuco cerca de metro. Cuenta con 1 dormitorios y 1 baños, distribuidos en 86 m2. Ubicación privilegiada en la comuna de Temuco, región Regiones. Contáctanos para agendar una visita.",180690000,Regiones,Temuco,Av. Providencia 6339,1,1,86
Remodelado Penthouse en Antofagasta en barrio tranquilo,"Excelente oportunidad de inversión o vivienda. Remodelado Penthouse en Antofagasta en barrio tranquilo. Cuenta con 4 dormitorios y 3 baños, distribuidos en 173 m2. Ubicación privilegiada en la comuna de Antofagasta, región Regiones. Contáctanos para agendar una visita.",583500000,Regiones,Antofagasta,Irarrázaval 8038,4,3,173
Moderno Parcela en Las Condes con vista despejada,"Excelente oportunidad de inversión o vivienda. Moderno Parcela en Las Condes con vista despejada. Cuenta con 6 dormitorios y 5 baños, distribuidos en 224 m2. Ubicación privilegiada en la comuna de Las Condes, región Metropolitana. Contáctanos para agendar una visita.",348420000,Metropolitana,Las Condes,Av. del Mar 2536,6,5,224
Moderno Departamento en San Miguel en barrio tranquilo,"Excelente oportunidad de inversión o vivienda. Moderno Departamento en San Miguel en barrio tranquilo. Cuenta con 3 dormitorios y 1 baños, distribuidos en 43 m2. Ubicación privilegiada en la comuna de San Miguel, región Metropolitana. Contáctanos para agendar una visita.",93000000,Metropolitana,San Miguel,Gran Avenida 3708,3,1,43
Luminoso Parcela en La Florida con gran terraza,"Excelente oportunidad de inversión o vivienda. Luminoso Parcela en La Florida con gran terraza. Cuenta con 5 dormitorios y 5 baños, distribuidos en 164 m2. Ubicación privilegiada en la comuna de La Florida, región Metropolitana. Contáctanos para agendar una visita.",187380000,Metropolitana,La Florida,San Martín 7953,5,5,164
Moderno Loft en Concepción con vista despejada,"Excelente oportunidad de inversión o vivienda. Moderno Loft en Concepción con vista despejada. Cuenta con 1 dormitorios y 1 baños, distribuidos en 95 m2. Ubicación privilegiada en la comuna de Concepción, región Regiones. Contáctanos para agendar una visita.",180900000,Regiones,Concepción,San Martín 5874,1,1,95
Espectacular Casa en Las Condes cerca de metro,"Excelente oportunidad de inversión o vivienda. Espectacular Casa en Las Condes cerca de metro. Cuenta con 2 dormitorios y 3 baños, distribuidos en 220 m2. Ubicación privilegiada en la comuna de Las Condes, región Metropolitana. Contáctanos para agendar una visita.",166890000,Metropolitana,Las Condes,Av. Kennedy 4979,2,3,220
Nuevo Loft en Lo Barnechea con piscina y quincho,"Excelente oportunidad de inversión o vivienda. Nuevo Loft en Lo Barnechea con piscina y quincho. Cuenta con 3 dormitorios y 2 baños, distribuidos en 77 m2. Ubicación privilegiada en la comuna de Lo Barnechea, región Metropolitana. Contáctanos para agendar una visita.",150180000,Metropolitana,Lo Barnechea,Av. Apoquindo 1379,3,2,77
Amplio Casa en Concepción con gran terraza,"Excelente oportunidad de inversión o vivienda. Amplio Casa en Concepción con gran terraza. Cuenta con 5 dormitorios y 1 baños, distribuidos en 96 m2. Ubicación privilegiada en la comuna de Concepción, región Regiones. Contáctanos para agendar una visita.",132840000,Regiones,Concepción,San Martín 1281,5,1,96
Hermoso Loft en La Serena en barrio tranquilo,"Excelente oportunidad de inversión o vivienda. Hermoso Loft en La Serena en barrio tranquilo. Cuenta con 2 dormitorios y 2 baños, distribuidos en 74 m2. Ubicación privilegiada en la comuna de La Serena, región Regiones. Contáctanos para agendar una visita.",227850000,Regiones,La Serena,Av. del Mar 1142,2,2,74
Exclusivo Casa en Santiago Centro con piscina y quincho,"Excelente oportunidad de inversión o vivienda. Exclusivo Casa en Santiago Centro con piscina y quincho. Cuenta con 5 dormitorios y 4 baños, distribuidos en 170 m2. Ubicación privilegiada en la comuna de Santiago Centro, región Metropolitana. Contáctanos para agendar una visita.",430350000,Metropolitana,Santiago Centro,San Martín 2930,5,4,170
Acogedor Departamento en Viña del Mar con piscina y quincho,"Excelente oportunidad de inversión o vivienda. Acogedor Departamento en Viña del Mar con piscina y quincho. Cuenta con 2 dormitorios y 1 baños, distribuidos en 58 m2. Ubicación privilegiada en la comuna de Viña del Mar, región Regiones. Contáctanos para agendar una visita.",177840000,Regiones,Viña del Mar,Av. Kennedy 471,2,1,58
Moderno Penthouse en Concón en barrio tranquilo,"Excelente oportunidad de inversión o vivienda. Moderno Penthouse en Concón en barrio tranquilo. Cuenta con 5 dormitorios y 3 baños, distribuidos en 143 m2. Ubicación privilegiada en la comuna de Concón, región Regiones. Contáctanos para agendar una visita.",618510000,Regiones,Concón,Av. Kennedy 5143,5,3,143
Espectacular Penthouse en San Miguel cerca de colegios,"Excelente oportunidad de inversión o vivienda. Espectacular Penthouse en San Miguel cerca de colegios. Cuenta con 4 dormitorios y 4 baños, distribuidos en 256 m2. Ubicación privilegiada en la comuna de San Miguel, región Metropolitana. Contáctanos para agendar una visita.",466740000,Metropolitana,San Miguel,Av. Libertad 2103,4,4,256
Acogedor Penthouse en Coquimbo cerca de metro,"Excelente oportunidad de inversión o vivienda. Acogedor Penthouse en Coquimbo cerca de metro. Cuenta con 3 dormitorios y 3 baños, distribuidos en 277 m2. Ubicación privilegiada en la comuna de Coquimbo, región Regiones. Contáctanos para agendar una visita.",302100000,Regiones,Coquimbo,Av. Kennedy 1707,3,3,277
Moderno Penthouse en La Serena con gran terraza,"Excelente oportunidad de inversión o vivienda. Moderno Penthouse en La Serena con gran terraza. Cuenta con 4 dormitorios y 3 baños, distribuidos en 148 m2. Ubicación privilegiada en la comuna de La Serena, región Regiones. Contáctanos para agendar una visita.",567360000,Regiones,La Serena,Irarrázaval 3195,4,3,148
Acogedor Departamento en Macul en barrio tranquilo,"Excelente oportunidad de inversión o vivienda. Acogedor Departamento en Macul en barrio tranquilo. Cuenta con 2 dormitorios y 2 baños, distribuidos en 113 m2. Ubicación privilegiada en la comuna de Macul, región Metropolitana. Contáctanos para agendar una visita.",105450000,Metropolitana,Macul,Av. Providencia 3891,2,2,113
Amplio Parcela en Lo Barnechea cerca de colegios,"Excelente oportunidad de inversión o vivienda. Amplio Parcela en Lo Barnechea cerca de colegios. Cuenta con 4 dormitorios y 3 baños, distribuidos en 265 m2. Ubicación privilegiada en la comuna de Lo Barnechea, región Metropolitana. Contáctanos para agendar una visita.",348270000,Metropolitana,Lo Barnechea,Av. Kennedy 7849,4,3,265
Luminoso Parcela en Lo Barnechea con gran terraza,"Excelente oportunidad de inversión o vivienda. Luminoso Parcela en Lo Barnechea con gran terraza. Cuenta con 5 dormitorios y 5 baños, distribuidos en 382 m2. Ubicación privilegiada en la comuna de Lo Barnechea, región Metropolitana. Contáctanos para agendar una visita.",223500000,Metropolitana,Lo Barnechea,Irarrázaval 7048,5,5,382
Remodelado Casa en San Pedro de la Paz con piscina y quincho,"Excelente oportunidad de inversión o vivienda. Remodelado Casa en San Pedro de la Paz con piscina y quincho. Cuenta con 2 dormitorios y 3 baños, distribuidos en 103 m2. Ubicación privilegiada en la comuna de San Pedro de la Paz, región Regiones. Contáctanos para agendar una visita.",265890000,Regiones,San Pedro de la Paz,Av. del Mar 5750,2,3,103
Amplio Parcela en Providencia cerca de metro,"Excelente oportunidad de inversión o vivienda. Amplio Parcela en Providencia cerca de metro. Cuenta con 6 dormitorios y 3 baños, distribuidos en 167 m2. Ubicación privilegiada en la comuna de Providencia, región Metropolitana. Contáctanos para agendar una visita.",344430000,Metropolitana,Providencia,Av. Libertad 3461,6,3,167
Hermoso Penthouse en Lo Barnechea con vista despejada,"Excelente oportunidad de inversión o vivienda. Hermoso Penthouse en Lo Barnechea con vista despejada. Cuenta con 5 dormitorios y 4 baños, distribuidos en 166 m2. Ubicación privilegiada en la comuna de Lo Barnechea, región Metropolitana. Contáctanos para agendar una visita.",473340000,Metropolitana,Lo Barnechea,Gran Avenida 4445,5,4,166
Luminoso Casa en Concón cerca de metro,"Excelente oportunidad de inversión o vivienda. Luminoso Casa en Concón cerca de metro. Cuenta con 3 dormitorios y 2 baños, distribuidos en 104 m2. Ubicación privilegiada en la comuna de Concón, región Regiones. Contáctanos para agendar una visita.",138900000,Regiones,Concón,San Martín 757,3,2,104
Acogedor Penthouse en La Serena cerca de metro,"Excelente oportunidad de inversión o vivienda. Acogedor Penthouse en La Serena cerca de metro. Cuenta con 5 dormitorios y 4 baños, distribuidos en 218 m2. Ubicación privilegiada en la comuna de La Serena, región Regiones. Contáctanos para agendar una visita.",714840000,Regiones,La Serena,Av. Providencia 5130,5,4,218
Acogedor Penthouse en Vitacura con gran terraza,"Excelente oportunidad de inversión o vivienda. Acogedor Penthouse en Vitacura con gran terraza. Cuenta con 3 dormitorios y 3 baños, distribuidos en 254 m2. Ubicación privilegiada en la comuna de Vitacura, región Metropolitana. Contáctanos para agendar una visita.",500820000,Metropolitana,Vitacura,Irarrázaval 8403,3,3,254
Acogedor Loft en Providencia en barrio tranquilo,"Excelente oportunidad de inversión o vivienda. Acogedor Loft en Providencia en barrio tranquilo. Cuenta con 2 dormitorios y 2 baños, distribuidos en 92 m2. Ubicación privilegiada en la comuna de Providencia, región Metropolitana. Contáctanos para agendar una visita.",194310000,Metropolitana,Providencia,Gran Avenida 6762,2,2,92
Nuevo Parcela en Vitacura con áreas verdes,"Excelente oportunidad de inversión o vivienda. Nuevo Parcela en Vitacura con áreas verdes. Cuenta con 5 dormitorios y 2 baños, distribuidos en 152 m2. Ubicación privilegiada en la comuna de Vitacura, región Metropolitana. Contáctanos para agendar una visita.",290100000,Metropolitana,Vitacura,Irarrázaval 4134,5,2,152
Espectacular Departamento en Maipú con áreas verdes,"Excelente oportunidad de inversión o vivienda. Espectacular Departamento en Maipú con áreas verdes. Cuenta con 1 dormitorios y 1 baños, distribuidos en 98 m2. Ubicación privilegiada en la comuna de Maipú, región Metropolitana. Contáctanos para agendar una visita.",164310000,Metropolitana,Maipú,Irarrázaval 4151,1,1,98
Luminoso Parcela en San Miguel cerca de colegios,"Excelente oportunidad de inversión o vivienda. Luminoso Parcela en San Miguel cerca de colegios. Cuenta con 5 dormitorios y 2 baños, distribuidos en 250 m2. Ubicación privilegiada en la comuna de San Miguel, región Metropolitana. Contáctanos para agendar una visita.",128700000,Metropolitana,San Miguel,Av. Apoquindo 8227,5,2,250
Amplio Casa en Vitacura con piscina y quincho,"Excelente oportunidad de inversión o vivienda. Amplio Casa en Vitacura con piscina y quincho. Cuenta con 2 dormitorios y 2 baños, distribuidos en 222 m2. Ubicación privilegiada en la comuna de Vitacura, región Metropolitana. Contáctanos para agendar una visita.",425280000,Metropolitana,Vitacura,San Martín 4777,2,2,222
Acogedor Loft en Las Condes con piscina y quincho,"Excelente oportunidad de inversión o vivienda. Acogedor Loft en Las Condes con piscina y quincho. Cuenta con 3 dormitorios y 1 baños, distribuidos en 112 m2. Ubicación privilegiada en la comuna de Las Condes, región Metropolitana. Contáctanos para agendar una visita.",90840000,Metropolitana,Las Condes,Av. del Mar 2793,3,1,112
Acogedor Loft en Viña del Mar con vista despejada,"Excelente oportunidad de inversión o vivienda. Acogedor Loft en Viña del Mar con vista despejada. Cuenta con 1 dormitorios y 2 baños, distribuidos en 95 m2. Ubicación privilegiada en la comuna de Viña del Mar, región Regiones. Contáctanos para agendar una visita.",156420000,Regiones,Viña del Mar,Irarrázaval 7677,1,2,95
Exclusivo Loft en Ñuñoa con áreas verdes,"Excelente oportunidad de inversión o vivienda. Exclusivo Loft en Ñuñoa con áreas verdes. Cuenta con 1 dormitorios y 1 baños, distribuidos en 67 m2. Ubicación privilegiada en la comuna de Ñuñoa, región Metropolitana. Contáctanos para agendar una visita.",158010000,Metropolitana,Ñuñoa,Gran Avenida 950,1,1,67
Moderno Penthouse en Las Condes con piscina y quincho,"Excelente oportunidad de inversión o vivienda. Moderno Penthouse en Las Condes con piscina y quincho. Cuenta con 4 dormitorios y 3 baños, distribuidos en 192 m2. Ubicación privilegiada en la comuna de Las Condes, región Metropolitana. Contáctanos para agendar una visita.",445920000,Metropolitana,Las Condes,Av. Kennedy 4459,4,3,192
Moderno Casa en Antofagasta con vista despejada,"Excelente oportunidad de inversión o vivienda. Moderno Casa en Antofagasta con vista despejada. Cuenta con 5 dormitorios y 2 baños, distribuidos en 138 m2. Ubicación privilegiada en la comuna de Antofagasta, región Regiones. Contáctanos para agendar una visita.",332280000,Regiones,Antofagasta,San Martín 133,5,2,138
Acogedor Parcela en Viña del Mar con piscina y quincho,"Excelente oportunidad de inversión o vivienda. Acogedor Parcela en Viña del Mar con piscina y quincho. Cuenta con 4 dormitorios y 3 baños, distribuidos en 288 m2. Ubicación privilegiada en la comuna de Viña del Mar, región Regiones. Contáctanos para agendar una visita.",254670000,Regiones,Viña del Mar,San Martín 8909,4,3,288
Amplio Parcela en Las Condes en barrio tranquilo,"Excelente oportunidad de inversión o vivienda. Amplio Parcela en Las Condes en barrio tranquilo. Cuenta con 4 dormitorios y 5 baños, distribuidos en 120 m2. Ubicación privilegiada en la comuna de Las Condes, región Metropolitana. Contáctanos para agendar una visita.",146610000,Metropolitana,Las Condes,Av. del Mar 9039,4,5,120
Moderno Penthouse en La Florida con excelentes terminaciones,"Excelente oportunidad de inversión o vivienda. Moderno Penthouse en La Florida con excelentes terminaciones. Cuenta con 4 dormitorios y 4 baños, distribuidos en 253 m2. Ubicación privilegiada en la comuna de La Florida, región Metropolitana. Contáctanos para agendar una visita.",731490000,Metropolitana,La Florida,Av. Apoquindo 4352,4,4,253
Remodelado Casa en San Miguel con excelentes terminaciones,"Excelente oportunidad de inversión o vivienda. Remodelado Casa en San Miguel con excelentes terminaciones. Cuenta con 5 dormitorios y 1 baños, distribuidos en 74 m2. Ubicación privilegiada en la comuna de San Miguel, región Metropolitana. Contáctanos para agendar una visita.",150540000,Metropolitana,San Miguel,Av. Providencia 3979,5,1,74
Acogedor Parcela en Puerto Varas en barrio tranquilo,"Excelente oportunidad de inversión o vivienda. Acogedor Parcela en Puerto Varas en barrio tranquilo. Cuenta con 3 dormitorios y 5 baños, distribuidos en 195 m2. Ubicación privilegiada en la comuna de Puerto Varas, región Regiones. Contáctanos para agendar una visita.",228540000,Regiones,Puerto Varas,Irarrázaval 2326,3,5,195
Moderno Penthouse en Vitacura con piscina y quincho,"Excelente oportunidad de inversión o vivienda. Moderno Penthouse en Vitacura con piscina y quincho. Cuenta con 4 dormitorios y 3 baños, distribuidos en 175 m2. Ubicación privilegiada en la comuna de Vitacura, región Metropolitana. Contáctanos para agendar una visita.",295650000,Metropolitana,Vitacura,Gran Avenida 759,4,3,175
Hermoso Parcela en Viña del Mar con vista despejada,"Excelente oportunidad de inversión o vivienda. Hermoso Parcela en Viña del Mar con vista despejada. Cuenta con 4 dormitorios y 4 baños, distribuidos en 215 m2. Ubicación privilegiada en la comuna de Viña del Mar, región Regiones. Contáctanos para agendar una visita.",157860000,Regiones,Viña del Mar,Av. Providencia 5902,4,4,215
Hermoso Departamento en La Florida en barrio tranquilo,"Excelente oportunidad de inversión o vivienda. Hermoso Departamento en La Florida en barrio tranquilo. Cuenta con 1 dormitorios y 2 baños, distribuidos en 111 m2. Ubicación privilegiada en la comuna de La Florida, región Metropolitana. Contáctanos para agendar una visita.",127500000,Metropolitana,La Florida,Irarrázaval 4171,1,2,111
Hermoso Loft en Santiago Centro cerca de colegios,"Excelente oportunidad de inversión o vivienda. Hermoso Loft en Santiago Centro cerca de colegios. Cuenta con 3 dormitorios y 2 baños, distribuidos en 109 m2. Ubicación privilegiada en la comuna de Santiago Centro, región Metropolitana. Contáctanos para agendar una visita.",224670000,Metropolitana,Santiago Centro,Av. Providencia 9839,3,2,109
Espectacular Loft en Providencia cerca de metro,"Excelente oportunidad de inversión o vivienda. Espectacular Loft en Providencia cerca de metro. Cuenta con 1 dormitorios y 1 baños, distribuidos en 53 m2. Ubicación privilegiada en la comuna de Providencia, región Metropolitana. Contáctanos para agendar una visita.",143790000,Metropolitana,Providencia,Av. Apoquindo 7723,1,1,53
Amplio Loft en Lo Barnechea con excelentes terminaciones,"Excelente oportunidad de inversión o vivienda. Amplio Loft en Lo Barnechea con excelentes terminaciones. Cuenta con 2 dormitorios y 2 baños, distribuidos en 71 m2. Ubicación privilegiada en la comuna de Lo Barnechea, región Metropolitana. Contáctanos para agendar una visita.",202260000,Metropolitana,Lo Barnechea,Av. Apoquindo 7860,2,2,71
Acogedor Loft en San Miguel con gran terraza,"Excelente oportunidad de inversión o vivienda. Acogedor Loft en San Miguel con gran terraza. Cuenta con 3 dormitorios y 1 baños, distribuidos en 40 m2. Ubicación privilegiada en la comuna de San Miguel, región Metropolitana. Contáctanos para agendar una visita.",226440000,Metropolitana,San Miguel,Av. Kennedy 8204,3,1,40
Luminoso Penthouse en Santiago Centro con gran terraza,"Excelente oportunidad de inversión o vivienda. Luminoso Penthouse en Santiago Centro con gran terraza. Cuenta con 3 dormitorios y 3 baños, distribuidos en 246 m2. Ubicación privilegiada en la comuna de Santiago Centro, región Metropolitana. Contáctanos para agendar una visita.",688530000,Metropolitana,Santiago Centro,Av. Libertad 6787,3,3,246
Espectacular Penthouse en La Florida con piscina y quincho,"Excelente oportunidad de inversión o vivienda. Espectacular Penthouse en La Florida con piscina y quincho. Cuenta con 4 dormitorios y 3 baños, distribuidos en 164 m2. Ubicación privilegiada en la comuna de La Florida, región Metropolitana. Contáctanos para agendar una visita.",412410000,Metropolitana,La Florida,Av. del Mar 2680,4,3,164
Remodelado Loft en Las Condes con vista despejada,"Excelente oportunidad de inversión o vivienda. Remodelado Loft en Las Condes con vista despejada. Cuenta con 1 dormitorios y 2 baños, distribuidos en 74 m2. Ubicación privilegiada en la comuna de Las Condes, región Metropolitana. Contáctanos para agendar una visita.",142590000,Metropolitana,Las Condes,Gran Avenida 6401,1,2,74
Hermoso Penthouse en Providencia con piscina y quincho,"Excelente oportunidad de inversión o vivienda. Hermoso Penthouse en Providencia con piscina y quincho. Cuenta con 3 dormitorios y 4 baños, distribuidos en 166 m2. Ubicación privilegiada en la comuna de Providencia, región Metropolitana. Contáctanos para agendar una visita.",328830000,Metropolitana,Providencia,San Martín 7880,3,4,166
Espectacular Parcela en Maipú con excelentes terminaciones,"Excelente oportunidad de inversión o vivienda. Espectacular Parcela en Maipú con excelentes terminaciones. Cuenta con 6 dormitorios y 4 baños, distribuidos en 280 m2. Ubicación privilegiada en la comuna de Maipú, región Metropolitana. Contáctanos para agendar una visita.",185820000,Metropolitana,Maipú,Irarrázaval 983,6,4,280
Hermoso Parcela en Santiago Centro cerca de colegios,"Excelente oportunidad de inversión o vivienda. Hermoso Parcela en Santiago Centro cerca de colegios. Cuenta con 4 dormitorios y 5 baños, distribuidos en 377 m2. Ubicación privilegiada en la comuna de Santiago Centro, región Metropolitana. Contáctanos para agendar una visita.",205350000,Metropolitana,Santiago Centro,San Martín 2366,4,5,377
Luminoso Loft en Santiago Centro con piscina y quincho,"Excelente oportunidad de inversión o vivienda. Luminoso Loft en Santiago Centro con piscina y quincho. Cuenta con 1 dormitorios y 1 baños, distribuidos en 97 m2. Ubicación privilegiada en la comuna de Santiago Centro, región Metropolitana. Contáctanos para agendar una visita.",75300000,Metropolitana,Santiago Centro,Irarrázaval 7746,1,1,97
Remodelado Loft en Ñuñoa con piscina y quincho,"Excelente oportunidad de inversión o vivienda. Remodelado Loft en Ñuñoa con piscina y quincho. Cuenta con 2 dormitorios y 1 baños, distribuidos en 111 m2. Ubicación privilegiada en la comuna de Ñuñoa, región Metropolitana. Contáctanos para agendar una visita.",111870000,Metropolitana,Ñuñoa,San Martín 8681,2,1,111
Exclusivo Penthouse en Las Condes con gran terraza,"Excelente oportunidad de inversión o vivienda. Exclusivo Penthouse en Las Condes con gran terraza. Cuenta con 5 dormitorios y 3 baños, distribuidos en 219 m2. Ubicación privilegiada en la comuna de Las Condes, región Metropolitana. Contáctanos para agendar una visita.",282240000,Metropolitana,Las Condes,Av. Libertad 8673,5,3,219
Remodelado Penthouse en La Florida con piscina y quincho,"Excelente oportunidad de inversión o vivienda. Remodelado Penthouse en La Florida con piscina y quincho. Cuenta con 5 dormitorios y 4 baños, distribuidos en 280 m2. Ubicación privilegiada en la comuna de La Florida, región Metropolitana. Contáctanos para agendar una visita.",504900000,Metropolitana,La Florida,Av. del Mar 2810,5,4,280
Exclusivo Penthouse en Vitacura con áreas verdes,"Excelente oportunidad de inversión o vivienda. Exclusivo Penthouse en Vitacura con áreas verdes. Cuenta con 3 dormitorios y 3 baños, distribuidos en 265 m2. Ubicación privilegiada en la comuna de Vitacura, región Metropolitana. Contáctanos para agendar una visita.",317760000,Metropolitana,Vitacura,Irarrázaval 2607,3,3,265
Moderno Loft en Macul con piscina y quincho,"Excelente oportunidad de inversión o vivienda. Moderno Loft en Macul con piscina y quincho. Cuenta con 2 dormitorios y 2 baños, distribuidos en 55 m2. Ubicación privilegiada en la comuna de Macul, región Metropolitana. Contáctanos para agendar una visita.",150450000,Metropolitana,Macul,Av. del Mar 6069,2,2,55
Acogedor Casa en Temuco con gran terraza,"Excelente oportunidad de inversión o vivienda. Acogedor Casa en Temuco con gran terraza. Cuenta con 4 dormitorios y 4 baños, distribuidos en 186 m2. Ubicación privilegiada en la comuna de Temuco, región Regiones. Contáctanos para agendar una visita.",416400000,Regiones,Temuco,Gran Avenida 3267,4,4,186
Luminoso Departamento en Macul cerca de metro,"Excelente oportunidad de inversión o vivienda. Luminoso Departamento en Macul cerca de metro. Cuenta con 1 dormitorios y 2 baños, distribuidos en 107 m2. Ubicación privilegiada en la comuna de Macul, región Metropolitana. Contáctanos para agendar una visita.",115320000,Metropolitana,Macul,Irarrázaval 8173,1,2,107
Hermoso Casa en San Miguel en barrio tranquilo,"Excelente oportunidad de inversión o vivienda. Hermoso Casa en San Miguel en barrio tranquilo. Cuenta con 5 dormitorios y 1 baños, distribuidos en 147 m2. Ubicación privilegiada en la comuna de San Miguel, región Metropolitana. Contáctanos para agendar una visita.",353880000,Metropolitana,San Miguel,Av. Libertad 3496,5,1,147
Remodelado Loft en La Serena con áreas verdes,"Excelente oportunidad de inversión o vivienda. Remodelado Loft en La Serena con áreas verdes. Cuenta con 2 dormitorios y 1 baños, distribuidos en 87 m2. Ubicación privilegiada en la comuna de La Serena, región Regiones. Contáctanos para agendar una visita.",122580000,Regiones,La Serena,San Martín 5170,2,1,87
Nuevo Casa en Lo Barnechea con vista despejada,"Excelente oportunidad de inversión o vivienda. Nuevo Casa en Lo Barnechea con vista despejada. Cuenta con 5 dormitorios y 2 baños, distribuidos en 193 m2. Ubicación privilegiada en la comuna de Lo Barnechea, región Metropolitana. Contáctanos para agendar una visita.",258300000,Metropolitana,Lo Barnechea,Av. del Mar 9454,5,2,193
Amplio Penthouse en Las Condes en barrio tranquilo,"Excelente oportunidad de inversión o vivienda. Amplio Penthouse en Las Condes en barrio tranquilo. Cuenta con 4 dormitorios y 3 baños, distribuidos en 157 m2. Ubicación privilegiada en la comuna de Las Condes, región Metropolitana. Contáctanos para agendar una visita.",402120000,Metropolitana,Las Condes,San Martín 1776,4,3,157
Remodelado Parcela en Ñuñoa cerca de metro,"Excelente oportunidad de inversión o vivienda. Remodelado Parcela en Ñuñoa cerca de metro. Cuenta con 6 dormitorios y 4 baños, distribuidos en 387 m2. Ubicación privilegiada en la comuna de Ñuñoa, región Metropolitana. Contáctanos para agendar una visita.",424560000,Metropolitana,Ñuñoa,Gran Avenida 5671,6,4,387
Luminoso Loft en Macul cerca de colegios,"Excelente oportunidad de inversión o vivienda. Luminoso Loft en Macul cerca de colegios. Cuenta con 2 dormitorios y 1 baños, distribuidos en 64 m2. Ubicación privilegiada en la comuna de Macul, región Metropolitana. Contáctanos para agendar una visita.",145260000,Metropolitana,Macul,Irarrázaval 2450,2,1,64
Nuevo Departamento en San Pedro de la Paz con excelentes terminaciones,"Excelente oportunidad de inversión o vivienda. Nuevo Departamento en San Pedro de la Paz con excelentes terminaciones. Cuenta con 2 dormitorios y 2 baños, distribuidos en 68 m2. Ubicación privilegiada en la comuna de San Pedro de la Paz, región Regiones. Contáctanos para agendar una visita.",179280000,Regiones,San Pedro de la Paz,Irarrázaval 6865,2,2,68
Nuevo Parcela en La Serena cerca de metro,"Excelente oportunidad de inversión o vivienda. Nuevo Parcela en La Serena cerca de metro. Cuenta con 4 dormitorios y 5 baños, distribuidos en 262 m2. Ubicación privilegiada en la comuna de La Serena, región Regiones. Contáctanos para agendar una visita.",336030000,Regiones,La Serena,Av. Libertad 5936,4,5,262
Luminoso Departamento en Ñuñoa cerca de colegios,"Excelente oportunidad de inversión o vivienda. Luminoso Departamento en Ñuñoa cerca de colegios. Cuenta con 2 dormitorios y 2 baños, distribuidos en 110 m2. Ubicación privilegiada en la comuna de Ñuñoa, región Metropolitana. Contáctanos para agendar una visita.",81360000,Metropolitana,Ñuñoa,Av. Providencia 1023,2,2,110
Nuevo Penthouse en Macul en barrio tranquilo,"Excelente oportunidad de inversión o vivienda. Nuevo Penthouse en Macul en barrio tranquilo. Cuenta con 5 dormitorios y 3 baños, distribuidos en 188 m2. Ubicación privilegiada en la comuna de Macul, región Metropolitana. Contáctanos para agendar una visita.",632100000,Metropolitana,Macul,Av. Apoquindo 6630,5,3,188
Moderno Casa en Lo Barnechea con áreas verdes,"Excelente oportunidad de inversión o vivienda. Moderno Casa en Lo Barnechea con áreas verdes. Cuenta con 3 dormitorios y 1 baños, distribuidos en 71 m2. Ubicación privilegiada en la comuna de Lo Barnechea, región Metropolitana. Contáctanos para agendar una visita.",257730000,Metropolitana,Lo Barnechea,Av. del Mar 1964,3,1,71
Exclusivo Departamento en Antofagasta con áreas verdes,"Excelente oportunidad de inversión o vivienda. Exclusivo Departamento en Antofagasta con áreas verdes. Cuenta con 2 dormitorios y 1 baños, distribuidos en 58 m2. Ubicación privilegiada en la comuna de Antofagasta, región Regiones. Contáctanos para agendar una visita.",173370000,Regiones,Antofagasta,Av. Apoquindo 6306,2,1,58
Acogedor Casa en Valparaíso con áreas verdes,"Excelente oportunidad de inversión o vivienda. Acogedor Casa en Valparaíso con áreas verdes. Cuenta con 2 dormitorios y 3 baños, distribuidos en 165 m2. Ubicación privilegiada en la comuna de Valparaíso, región Regiones. Contáctanos para agendar una visita.",341790000,Regiones,Valparaíso,Av. Apoquindo 577,2,3,165
Hermoso Casa en Lo Barnechea con piscina y quincho,"Excelente oportunidad de inversión o vivienda. Hermoso Casa en Lo Barnechea con piscina y quincho. Cuenta con 5 dormitorios y 3 baños, distribuidos en 183 m2. Ubicación privilegiada en la comuna de Lo Barnechea, región Metropolitana. Contáctanos para agendar una visita.",314940000,Metropolitana,Lo Barnechea,Av. del Mar 6449,5,3,183
Remodelado Loft en La Florida cerca de metro,"Excelente oportunidad de inversión o vivienda. Remodelado Loft en La Florida cerca de metro. Cuenta con 1 dormitorios y 1 baños, distribuidos en 96 m2. Ubicación privilegiada en la comuna de La Florida, región Metropolitana. Contáctanos para agendar una visita.",202500000,Metropolitana,La Florida,Av. Kennedy 2650,1,1,96
Acogedor Loft en Las Condes en barrio tranquilo,"Excelente oportunidad de inversión o vivienda. Acogedor Loft en Las Condes en barrio tranquilo. Cuenta con 2 dormitorios y 2 baños, distribuidos en 47 m2. Ubicación privilegiada en la comuna de Las Condes, región Metropolitana. Contáctanos para agendar una visita.",98820000,Metropolitana,Las Condes,Gran Avenida 6169,2,2,47
Luminoso Casa en Viña del Mar con excelentes terminaciones,"Excelente oportunidad de inversión o vivienda. Luminoso Casa en Viña del Mar con excelentes terminaciones. Cuenta con 4 dormitorios y 4 baños, distribuidos en 228 m2. Ubicación privilegiada en la comuna de Viña del Mar, región Regiones. Contáctanos para agendar una visita.",279840000,Regiones,Viña del Mar,Av. Apoquindo 7146,4,4,228
Exclusivo Loft en Viña del Mar con excelentes terminaciones,"Excelente oportunidad de inversión o vivienda. Exclusivo Loft en Viña del Mar con excelentes terminaciones. Cuenta con 3 dormitorios y 2 baños, distribuidos en 103 m2. Ubicación privilegiada en la comuna de Viña del Mar, región Regiones. Contáctanos para agendar una visita.",124680000,Regiones,Viña del Mar,Av. del Mar 7248,3,2,103
Acogedor Parcela en La Florida en barrio tranquilo,"Excelente oportunidad de inversión o vivienda. Acogedor Parcela en La Florida en barrio tranquilo. Cuenta con 6 dormitorios y 4 baños, distribuidos en 288 m2. Ubicación privilegiada en la comuna de La Florida, región Metropolitana. Contáctanos para agendar una visita.",277260000,Metropolitana,La Florida,Gran Avenida 2314,6,4,288
Nuevo Penthouse en Lo Barnechea con excelentes terminaciones,"Excelente oportunidad de inversión o vivienda. Nuevo Penthouse en Lo Barnechea con excelentes terminaciones. Cuenta con 5 dormitorios y 3 baños, distribuidos en 276 m2. Ubicación privilegiada en la comuna de Lo Barnechea, región Metropolitana. Contáctanos para agendar una visita.",517560000,Metropolitana,Lo Barnechea,San Martín 4732,5,3,276
Acogedor Parcela en Macul con piscina y quincho,"Excelente oportunidad de inversión o vivienda. Acogedor Parcela en Macul con piscina y quincho. Cuenta con 5 dormitorios y 2 baños, distribuidos en 153 m2. Ubicación privilegiada en la comuna de Macul, región Metropolitana. Contáctanos para agendar una visita.",286950000,Metropolitana,Macul,Av. Providencia 9309,5,2,153
Hermoso Penthouse en La Florida cerca de colegios,"Excelente oportunidad de inversión o vivienda. Hermoso Penthouse en La Florida cerca de colegios. Cuenta con 3 dormitorios y 3 baños, distribuidos en 273 m2. Ubicación privilegiada en la comuna de La Florida, región Metropolitana. Contáctanos para agendar una visita.",431460000,Metropolitana,La Florida,Irarrázaval 639,3,3,273
Moderno Departamento en Macul con piscina y quincho,"Excelente oportunidad de inversión o vivienda. Moderno Departamento en Macul con piscina y quincho. Cuenta con 3 dormitorios y 1 baños, distribuidos en 38 m2. Ubicación privilegiada en la comuna de Macul, región Metropolitana. Contáctanos para agendar una visita.",204840000,Metropolitana,Macul,Irarrázaval 9840,3,1,38
Nuevo Casa en Antofagasta con vista despejada,"Excelente oportunidad de inversión o vivienda. Nuevo Casa en Antofagasta con vista despejada. Cuenta con 4 dormitorios y 4 baños, distribuidos en 127 m2. Ubicación privilegiada en la comuna de Antofagasta, región Regiones. Contáctanos para agendar una visita.",212700000,Regiones,Antofagasta,Av. Kennedy 1358,4,4,127
Remodelado Parcela en Santiago Centro cerca de metro,"Excelente oportunidad de inversión o vivienda. Remodelado Parcela en Santiago Centro cerca de metro. Cuenta con 5 dormitorios y 3 baños, distribuidos en 288 m2. Ubicación privilegiada en la comuna de Santiago Centro, región Metropolitana. Contáctanos para agendar una visita.",312960000,Metropolitana,Santiago Centro,San Martín 6063,5,3,288
Remodelado Departamento en Las Condes con gran terraza,"Excelente oportunidad de inversión o vivienda. Remodelado Departamento en Las Condes con gran terraza. Cuenta con 2 dormitorios y 2 baños, distribuidos en 86 m2. Ubicación privilegiada en la comuna de Las Condes, región Metropolitana. Contáctanos para agendar una visita.",179790000,Metropolitana,Las Condes,Av. del Mar 9841,2,2,86
Acogedor Casa en La Serena en barrio tranquilo,"Excelente oportunidad de inversión o vivienda. Acogedor Casa en La Serena en barrio tranquilo. Cuenta con 5 dormitorios y 1 baños, distribuidos en 71 m2. Ubicación privilegiada en la comuna de La Serena, región Regiones. Contáctanos para agendar una visita.",113550000,Regiones,La Serena,Av. Kennedy 3307,5,1,71
Espectacular Penthouse en Ñuñoa con vista despejada,"Excelente oportunidad de inversión o vivienda. Espectacular Penthouse en Ñuñoa con vista despejada. Cuenta con 5 dormitorios y 3 baños, distribuidos en 213 m2. Ubicación privilegiada en la comuna de Ñuñoa, región Metropolitana. Contáctanos para agendar una visita.",298710000,Metropolitana,Ñuñoa,San Martín 322,5,3,213
Moderno Departamento en Ñuñoa con áreas verdes,"Excelente oportunidad de inversión o vivienda. Moderno Departamento en Ñuñoa con áreas verdes. Cuenta con 1 dormitorios y 2 baños, distribuidos en 38 m2. Ubicación privilegiada en la comuna de Ñuñoa, región Metropolitana. Contáctanos para agendar una visita.",218010000,Metropolitana,Ñuñoa,Gran Avenida 3668,1,2,38
Espectacular Loft en Coquimbo con excelentes terminaciones,"Excelente oportunidad de inversión o vivienda. Espectacular Loft en Coquimbo con excelentes terminaciones. Cuenta con 2 dormitorios y 2 baños, distribuidos en 60 m2. Ubicación privilegiada en la comuna de Coquimbo, región Regiones. Contáctanos para agendar una visita.",172530000,Regiones,Coquimbo,San Martín 3327,2,2,60
Acogedor Loft en Puerto Varas cerca de colegios,"Excelente oportunidad de inversión o vivienda. Acogedor Loft en Puerto Varas cerca de colegios. Cuenta con 1 dormitorios y 2 baños, distribuidos en 74 m2. Ubicación privilegiada en la comuna de Puerto Varas, región Regiones. Contáctanos para agendar una visita.",129720000,Regiones,Puerto Varas,Av. Apoquindo 496,1,2,74
Hermoso Penthouse en Coquimbo con piscina y quincho,"Excelente oportunidad de inversión o vivienda. Hermoso Penthouse en Coquimbo con piscina y quincho. Cuenta con 5 dormitorios y 3 baños, distribuidos en 213 m2. Ubicación privilegiada en la comuna de Coquimbo, región Regiones. Contáctanos para agendar una visita.",679230000,Regiones,Coquimbo,Av. Providencia 8768,5,3,213
Nuevo Loft en San Miguel con piscina y quincho,"Excelente oportunidad de inversión o vivienda. Nuevo Loft en San Miguel con piscina y quincho. Cuenta con 2 dormitorios y 1 baños, distribuidos en 85 m2. Ubicación privilegiada en la comuna de San Miguel, región Metropolitana. Contáctanos para agendar una visita.",239730000,Metropolitana,San Miguel,Av. Libertad 8009,2,1,85
Espectacular Parcela en Ñuñoa con áreas verdes,"Excelente oportunidad de inversión o vivienda. Espectacular Parcela en Ñuñoa con áreas verdes. Cuenta con 5 dormitorios y 3 baños, distribuidos en 394 m2. Ubicación privilegiada en la comuna de Ñuñoa, región Metropolitana. Contáctanos para agendar una visita.",127800000,Metropolitana,Ñuñoa,Av. Providencia 5713,5,3,394
Nuevo Casa en Concón cerca de metro,"Excelente oportunidad de inversión o vivienda. Nuevo Casa en Concón cerca de metro. Cuenta con 2 dormitorios y 2 baños, distribuidos en 98 m2. Ubicación privilegiada en la comuna de Concón, región Regiones. Contáctanos para agendar una visita.",133230000,Regiones,Concón,San Martín 3509,2,2,98
Espectacular Parcela en Santiago Centro con vista despejada,"Excelente oportunidad de inversión o vivienda. Espectacular Parcela en Santiago Centro con vista despejada. Cuenta con 5 dormitorios y 3 baños, distribuidos en 191 m2. Ubicación privilegiada en la comuna de Santiago Centro, región Metropolitana. Contáctanos para agendar una visita.",353670000,Metropolitana,Santiago Centro,Av. Kennedy 4584,5,3,191
Espectacular Casa en Las Condes en barrio tranquilo,"Excelente oportunidad de inversión o vivienda. Espectacular Casa en Las Condes en barrio tranquilo. Cuenta con 4 dormitorios y 4 baños, distribuidos en 232 m2. Ubicación privilegiada en la comuna de Las Condes, región Metropolitana. Contáctanos para agendar una visita.",223050000,Metropolitana,Las Condes,Av. del Mar 1709,4,4,232
Remodelado Departamento en Lo Barnechea con vista despejada,"Excelente oportunidad de inversión o vivienda. Remodelado Departamento en Lo Barnechea con vista despejada. Cuenta con 1 dormitorios y 1 baños, distribuidos en 49 m2. Ubicación privilegiada en la comuna de Lo Barnechea, región Metropolitana. Contáctanos para agendar una visita.",157770000,Metropolitana,Lo Barnechea,San Martín 419,1,1,49
Remodelado Casa en Viña del Mar en barrio tranquilo,"Excelente oportunidad de inversión o vivienda. Remodelado Casa en Viña del Mar en barrio tranquilo. Cuenta con 5 dormitorios y 3 baños, distribuidos en 201 m2. Ubicación privilegiada en la comuna de Viña del Mar, región Regiones. Contáctanos para agendar una visita.",117360000,Regiones,Viña del Mar,Gran Avenida 9051,5,3,201
Acogedor Casa en Maipú con gran terraza,"Excelente oportunidad de inversión o vivienda. Acogedor Casa en Maipú con gran terraza. Cuenta con 3 dormitorios y 1 baños, distribuidos en 127 m2. Ubicación privilegiada en la comuna de Maipú, región Metropolitana. Contáctanos para agendar una visita.",348690000,Metropolitana,Maipú,San Martín 4214,3,1,127
Espectacular Casa en Providencia cerca de colegios,"Excelente oportunidad de inversión o vivienda. Espectacular Casa en Providencia cerca de colegios. Cuenta con 5 dormitorios y 3 baños, distribuidos en 248 m2. Ubicación privilegiada en la comuna de Providencia, región Metropolitana. Contáctanos para agendar una visita.",145740000,Metropolitana,Providencia,Av. del Mar 6195,5,3,248
Remodelado Departamento en San Miguel con gran terraza,"Excelente oportunidad de inversión o vivienda. Remodelado Departamento en San Miguel con gran terraza. Cuenta con 2 dormitorios y 2 baños, distribuidos en 60 m2. Ubicación privilegiada en la comuna de San Miguel, región Metropolitana. Contáctanos para agendar una visita.",214560000,Metropolitana,San Miguel,Gran Avenida 5775,2,2,60
Espectacular Penthouse en Lo Barnechea con gran terraza,"Excelente oportunidad de inversión o vivienda. Espectacular Penthouse en Lo Barnechea con gran terraza. Cuenta con 3 dormitorios y 3 baños, distribuidos en 248 m2. Ubicación privilegiada en la comuna de Lo Barnechea, región Metropolitana. Contáctanos para agendar una visita.",564000000,Metropolitana,Lo Barnechea,Av. Providencia 8016,3,3,248
Luminoso Penthouse en Vitacura con excelentes terminaciones,"Excelente oportunidad de inversión o vivienda. Luminoso Penthouse en Vitacura con excelentes terminaciones. Cuenta con 3 dormitorios y 3 baños, distribuidos en 231 m2. Ubicación privilegiada en la comuna de Vitacura, región Metropolitana. Contáctanos para agendar una visita.",414720000,Metropolitana,Vitacura,San Martín 6170,3,3,231
Nuevo Departamento en Vitacura cerca de metro,"Excelente oportunidad de inversión o vivienda. Nuevo Departamento en Vitacura cerca de metro. Cuenta con 2 dormitorios y 1 baños, distribuidos en 61 m2. Ubicación privilegiada en la comuna de Vitacura, región Metropolitana. Contáctanos para agendar una visita.",233160000,Metropolitana,Vitacura,San Martín 5911,2,1,61
Luminoso Loft en Vitacura con áreas verdes,"Excelente oportunidad de inversión o vivienda. Luminoso Loft en Vitacura con áreas verdes. Cuenta con 2 dormitorios y 2 baños, distribuidos en 62 m2. Ubicación privilegiada en la comuna de Vitacura, región Metropolitana. Contáctanos para agendar una visita.",106320000,Metropolitana,Vitacura,Av. Providencia 3408,2,2,62
Exclusivo Departamento en San Pedro de la Paz con gran terraza,"Excelente oportunidad de inversión o vivienda. Exclusivo Departamento en San Pedro de la Paz con gran terraza. Cuenta con 1 dormitorios y 1 baños, distribuidos en 85 m2. Ubicación privilegiada en la comuna de San Pedro de la Paz, región Regiones. Contáctanos para agendar una visita.",158940000,Regiones,San Pedro de la Paz,Av. Kennedy 9897,1,1,85
Amplio Loft en Providencia en barrio tranquilo,"Excelente oportunidad de inversión o vivienda. Amplio Loft en Providencia en barrio tranquilo. Cuenta con 1 dormitorios y 1 baños, distribuidos en 117 m2. Ubicación privilegiada en la comuna de Providencia, región Metropolitana. Contáctanos para agendar una visita.",139500000,Metropolitana,Providencia,Av. Apoquindo 873,1,1,117
Espectacular Parcela en Ñuñoa cerca de colegios,"Excelente oportunidad de inversión o vivienda. Espectacular Parcela en Ñuñoa cerca de colegios. Cuenta con 6 dormitorios y 3 baños, distribuidos en 330 m2. Ubicación privilegiada en la comuna de Ñuñoa, región Metropolitana. Contáctanos para agendar una visita.",387240000,Metropolitana,Ñuñoa,Av. Providencia 3385,6,3,330
Acogedor Casa en Concón cerca de metro,"Excelente oportunidad de inversión o vivienda. Acogedor Casa en Concón cerca de metro. Cuenta con 5 dormitorios y 1 baños, distribuidos en 83 m2. Ubicación privilegiada en la comuna de Concón, región Regiones. Contáctanos para agendar una visita.",320430000,Regiones,Concón,San Martín 8484,5,1,83
Hermoso Loft en Lo Barnechea con gran terraza,"Excelente oportunidad de inversión o vivienda. Hermoso Loft en Lo Barnechea con gran terraza. Cuenta con 2 dormitorios y 2 baños, distribuidos en 96 m2. Ubicación privilegiada en la comuna de Lo Barnechea, región Metropolitana. Contáctanos para agendar una visita.",89070000,Metropolitana,Lo Barnechea,Av. Apoquindo 3930,2,2,96
Remodelado Casa en Valparaíso con excelentes terminaciones,"Excelente oportunidad de inversión o vivienda. Remodelado Casa en Valparaíso con excelentes terminaciones. Cuenta con 4 dormitorios y 3 baños, distribuidos en 214 m2. Ubicación privilegiada en la comuna de Valparaíso, región Regiones. Contáctanos para agendar una visita.",220500000,Regiones,Valparaíso,Av. Providencia 3091,4,3,214
Remodelado Departamento en Maipú cerca de metro,"Excelente oportunidad de inversión o vivienda. Remodelado Departamento en Maipú cerca de metro. Cuenta con 1 dormitorios y 1 baños, distribuidos en 87 m2. Ubicación privilegiada en la comuna de Maipú, región Metropolitana. Contáctanos para agendar una visita.",162180000,Metropolitana,Maipú,Gran Avenida 2058,1,1,87
Moderno Departamento en Las Condes con gran terraza,"Excelente oportunidad de inversión o vivienda. Moderno Departamento en Las Condes con gran terraza. Cuenta con 3 dormitorios y 1 baños, distribuidos en 52 m2. Ubicación privilegiada en la comuna de Las Condes, región Metropolitana. Contáctanos para agendar una visita.",133020000,Metropolitana,Las Condes,Av. Apoquindo 3717,3,1,52
Nuevo Penthouse en Ñuñoa con gran terraza,"Excelente oportunidad de inversión o vivienda. Nuevo Penthouse en Ñuñoa con gran terraza. Cuenta con 3 dormitorios y 3 baños, distribuidos en 151 m2. Ubicación privilegiada en la comuna de Ñuñoa, región Metropolitana. Contáctanos para agendar una visita.",447360000,Metropolitana,Ñuñoa,Irarrázaval 1785,3,3,151
Nuevo Casa en La Serena con vista despejada,"Excelente oportunidad de inversión o vivienda. Nuevo Casa en La Serena con vista despejada. Cuenta con 4 dormitorios y 1 baños, distribuidos en 154 m2. Ubicación privilegiada en la comuna de La Serena, región Regiones. Contáctanos para agendar una visita.",170700000,Regiones,La Serena,San Martín 1458,4,1,154
Moderno Casa en Vitacura en barrio tranquilo,"Excelente oportunidad de inversión o vivienda. Moderno Casa en Vitacura en barrio tranquilo. Cuenta con 2 dormitorios y 4 baños, distribuidos en 201 m2. Ubicación privilegiada en la comuna de Vitacura, región Metropolitana. Contáctanos para agendar una visita.",336930000,Metropolitana,Vitacura,Av. Apoquindo 4114,2,4,201
Acogedor Parcela en Concepción cerca de metro,"Excelente oportunidad de inversión o vivienda. Acogedor Parcela en Concepción cerca de metro. Cuenta con 5 dormitorios y 4 baños, distribuidos en 142 m2. Ubicación privilegiada en la comuna de Concepción, región Regiones. Contáctanos para agendar una visita.",189330000,Regiones,Concepción,San Martín 2531,5,4,142
Exclusivo Penthouse en La Florida con piscina y quincho,"Excelente oportunidad de inversión o vivienda. Exclusivo Penthouse en La Florida con piscina y quincho. Cuenta con 4 dormitorios y 3 baños, distribuidos en 279 m2. Ubicación privilegiada en la comuna de La Florida, región Metropolitana. Contáctanos para agendar una visita.",664410000,Metropolitana,La Florida,San Martín 9896,4,3,279
Espectacular Casa en Providencia cerca de colegios,"Excelente oportunidad de inversión o vivienda. Espectacular Casa en Providencia cerca de colegios. Cuenta con 3 dormitorios y 4 baños, distribuidos en 211 m2. Ubicación privilegiada en la comuna de Providencia, región Metropolitana. Contáctanos para agendar una visita.",261990000,Metropolitana,Providencia,Av. del Mar 1831,3,4,211
Amplio Parcela en Las Condes con vista despejada,"Excelente oportunidad de inversión o vivienda. Amplio Parcela en Las Condes con vista despejada. Cuenta con 3 dormitorios y 4 baños, distribuidos en 184 m2. Ubicación privilegiada en la comuna de Las Condes, región Metropolitana. Contáctanos para agendar una visita.",127920000,Metropolitana,Las Condes,Gran Avenida 2949,3,4,184
Luminoso Casa en La Florida cerca de metro,"Excelente oportunidad de inversión o vivienda. Luminoso Casa en La Florida cerca de metro. Cuenta con 5 dormitorios y 1 baños, distribuidos en 237 m2. Ubicación privilegiada en la comuna de La Florida, región Metropolitana. Contáctanos para agendar una visita.",174480000,Metropolitana,La Florida,San Martín 6747,5,1,237
Acogedor Loft en Vitacura con áreas verdes,"Excelente oportunidad de inversión o vivienda. Acogedor Loft en Vitacura con áreas verdes. Cuenta con 3 dormitorios y 1 baños, distribuidos en 62 m2. Ubicación privilegiada en la comuna de Vitacura, región Metropolitana. Contáctanos para agendar una visita.",139800000,Metropolitana,Vitacura,Av. Providencia 4961,3,1,62
Nuevo Departamento en Macul con excelentes terminaciones,"Excelente oportunidad de inversión o vivienda. Nuevo Departamento en Macul con excelentes terminaciones. Cuenta con 2 dormitorios y 1 baños, distribuidos en 114 m2. Ubicación privilegiada en la comuna de Macul, región Metropolitana. Contáctanos para agendar una visita.",196170000,Metropolitana,Macul,Av. del Mar 2521,2,1,114
Luminoso Parcela en Santiago Centro con vista despejada,"Excelente oportunidad de inversión o vivienda. Luminoso Parcela en Santiago Centro con vista despejada. Cuenta con 6 dormitorios y 2 baños, distribuidos en 325 m2. Ubicación privilegiada en la comuna de Santiago Centro, región Metropolitana. Contáctanos para agendar una visita.",199020000,Metropolitana,Santiago Centro,Av. Providencia 1981,6,2,325
Nuevo Departamento en San Miguel con excelentes terminaciones,"Excelente oportunidad de inversión o vivienda. Nuevo Departamento en San Miguel con excelentes terminaciones. Cuenta con 1 dormitorios y 1 baños, distribuidos en 108 m2. Ubicación privilegiada en la comuna de San Miguel, región Metropolitana. Contáctanos para agendar una visita.",235980000,Metropolitana,San Miguel,Av. Apoquindo 5162,1,1,108
Exclusivo Parcela en Viña del Mar con excelentes terminaciones,"Excelente oportunidad de inversión o vivienda. Exclusivo Parcela en Viña del Mar con excelentes terminaciones. Cuenta con 3 dormitorios y 3 baños, distribuidos en 359 m2. Ubicación privilegiada en la comuna de Viña del Mar, región Regiones. Contáctanos para agendar una visita.",361350000,Regiones,Viña del Mar,Av. del Mar 9293,3,3,359
Acogedor Departamento en Providencia en barrio tranquilo,"Excelente oportunidad de inversión o vivienda. Acogedor Departamento en Providencia en barrio tranquilo. Cuenta con 3 dormitorios y 1 baños, distribuidos en 79 m2. Ubicación privilegiada en la comuna de Providencia, región Metropolitana. Contáctanos para agendar una visita.",141300000,Metropolitana,Providencia,Irarrázaval 4542,3,1,79
Exclusivo Loft en Santiago Centro cerca de colegios,"Excelente oportunidad de inversión o vivienda. Exclusivo Loft en Santiago Centro cerca de colegios. Cuenta con 2 dormitorios y 2 baños, distribuidos en 64 m2. Ubicación privilegiada en la comuna de Santiago Centro, región Metropolitana. Contáctanos para agendar una visita.",229170000,Metropolitana,Santiago Centro,Av. del Mar 5283,2,2,64
Espectacular Casa en Las Condes en barrio tranquilo,"Excelente oportunidad de inversión o vivienda. Espectacular Casa en Las Condes en barrio tranquilo. Cuenta con 4 dormitorios y 1 baños, distribuidos en 166 m2. Ubicación privilegiada en la comuna de Las Condes, región Metropolitana. Contáctanos para agendar una visita.",379530000,Metropolitana,Las Condes,Irarrázaval 9615,4,1,166
Amplio Loft en La Florida cerca de colegios,"Excelente oportunidad de inversión o vivienda. Amplio Loft en La Florida cerca de colegios. Cuenta con 3 dormitorios y 1 baños, distribuidos en 39 m2. Ubicación privilegiada en la comuna de La Florida, región Metropolitana. Contáctanos para agendar una visita.",83550000,Metropolitana,La Florida,Av. Kennedy 4897,3,1,39
Acogedor Departamento en Providencia con excelentes terminaciones,"Excelente oportunidad de inversión o vivienda. Acogedor Departamento en Providencia con excelentes terminaciones. Cuenta con 3 dormitorios y 1 baños, distribuidos en 56 m2. Ubicación privilegiada en la comuna de Providencia, región Metropolitana. Contáctanos para agendar una visita.",146970000,Metropolitana,Providencia,Av. del Mar 107,3,1,56
Acogedor Departamento en Valparaíso con excelentes terminaciones,"Excelente oportunidad de inversión o vivienda. Acogedor Departamento en Valparaíso con excelentes terminaciones. Cuenta con 1 dormitorios y 1 baños, distribuidos en 75 m2. Ubicación privilegiada en la comuna de Valparaíso, región Regiones. Contáctanos para agendar una visita.",130200000,Regiones,Valparaíso,Av. Kennedy 3220,1,1,75
Remodelado Penthouse en Las Condes con piscina y quincho,"Excelente oportunidad de inversión o vivienda. Remodelado Penthouse en Las Condes con piscina y quincho. Cuenta con 4 dormitorios y 4 baños, distribuidos en 291 m2. Ubicación privilegiada en la comuna de Las Condes, región Metropolitana. Contáctanos para agendar una visita.",436290000,Metropolitana,Las Condes,Av. del Mar 3289,4,4,291
Moderno Parcela en Lo Barnechea con gran terraza,"Excelente oportunidad de inversión o vivienda. Moderno Parcela en Lo Barnechea con gran terraza. Cuenta con 3 dormitorios y 5 baños, distribuidos en 279 m2. Ubicación privilegiada en la comuna de Lo Barnechea, región Metropolitana. Contáctanos para agendar una visita.",139650000,Metropolitana,Lo Barnechea,San Martín 1842,3,5,279
Remodelado Loft en Vitacura con vista despejada,"Excelente oportunidad de inversión o vivienda. Remodelado Loft en Vitacura con vista despejada. Cuenta con 2 dormitorios y 1 baños, distribuidos en 46 m2. Ubicación privilegiada en la comuna de Vitacura, región Metropolitana. Contáctanos para agendar una visita.",217140000,Metropolitana,Vitacura,Av. del Mar 7843,2,1,46
Espectacular Departamento en Viña del Mar con gran terraza,"Excelente oportunidad de inversión o vivienda. Espectacular Departamento en Viña del Mar con gran terraza. Cuenta con 3 dormitorios y 1 baños, distribuidos en 56 m2. Ubicación privilegiada en la comuna de Viña del Mar, región Regiones. Contáctanos para agendar una visita.",88890000,Regiones,Viña del Mar,Av. Kennedy 8725,3,1,56
Nuevo Loft en La Serena en barrio tranquilo,"Excelente oportunidad de inversión o vivienda. Nuevo Loft en La Serena en barrio tranquilo. Cuenta con 2 dormitorios y 1 baños, distribuidos en 80 m2. Ubicación privilegiada en la comuna de La Serena, región Regiones. Contáctanos para agendar una visita.",232410000,Regiones,La Serena,Av. Libertad 9101,2,1,80
